Political Affiliation,N,Mean,StdDev,p25,p50,p75
-,157,348764.5950897157,688347.1163740902,54082.682525367,154382.142203033,331875.011659454
